Section,Item,Description,Unit,Quantity,SSR item,Rate (Rs),Amount (Rs),Status,Basis / note
A · SITE PREPARATION AND EARTHWORKS,E-01,"Site clearance and grubbing, shelter area",m2,618.8,21.33,7,4331.6,PRICED,Clearance only.  The 150 topsoil strip is measured and priced at E-01a
A · SITE PREPARATION AND EARTHWORKS,E-01a,Topsoil stripped 150 thk and stockpiled for re-use in the concealment layer,m3,92.82,21.02,207,19213.74,PRICED,"Excavation in soil, lift <= 1.5 m, mechanical.  Stacking within 50 m is inside the SSR rate, which is exactly what stockpiling for re-use is"
A · SITE PREPARATION AND EARTHWORKS,E-02,"Bulk excavation, main shelter, 0.000 to (-)6.800, all strata — SUM OF THE SIX DEPTH BANDS BELOW",m3,1338.24,—,,,INCLUDED — not separately payable,Measured at E-02.1 to E-02.6.  Plan area 196.80 m2 = 1338.24 / 6.800
A · SITE PREPARATION AND EARTHWORKS,E-02.1,"  0.000 to (-)1.500, soil / weathered overburden",m3,295.2,21.02,207,61106.4,PRICED,Lift <= 1.5 m.  Reproduces the WM1 lower bound of 295.2 m3 exactly
A · SITE PREPARATION AND EARTHWORKS,E-02.2,"  (-)1.500 to (-)1.750, soil to mean rockhead",m3,49.2,21.04,258,12693.6,PRICED,Lift 1.5 to 3.0 m.  E-02.1 + E-02.2 = 344.4 m3 = WM1 item E-02a exactly
A · SITE PREPARATION AND EARTHWORKS,E-02.3,"  (-)1.750 to (-)3.000, Deccan basalt",m3,246.0,21.20,1307.0,321522.0,PRICED,"BY HYDRAULIC BREAKER, NOT BLASTING — WM_CONSTRUCTION_METHODOLOGY.md and risk S-02.  SSR 21.20 is the schedule's non-blasting rock item; the three blasting items 21.17 / 21.18 / 21.19 do not apply to this project"
A · SITE PREPARATION AND EARTHWORKS,E-02.4,"  (-)3.000 to (-)4.500, Deccan basalt",m3,295.2,21.20,1568.4,462991.68,PRICED,"SSR 21.20 + 20 % depth increase, General Notes Section B"
A · SITE PREPARATION AND EARTHWORKS,E-02.5,"  (-)4.500 to (-)6.000, Deccan basalt",m3,295.2,21.20,1699.1,501574.32,PRICED,"SSR 21.20 + 30 % depth increase, General Notes Section B"
A · SITE PREPARATION AND EARTHWORKS,E-02.6,"  (-)6.000 to (-)6.800, Deccan basalt",m3,157.44,21.20,1699.1,267506.3,PRICED [A] — stated assumption,[A] BEYOND THE SSR's LAST DEFINED BAND.  Priced at the 4.5-6.0 m band's +30 % as a declared LOWER BOUND.  Section B leaves the percentage to the Superintending Engineer.  OPEN ITEM WM4-V1
A · SITE PREPARATION AND EARTHWORKS,E-02a,  of which excavation in soil / weathered overburden,m3,344.4,—,,,INCLUDED — not separately payable,Memorandum.  Priced at E-02.1 and E-02.2
A · SITE PREPARATION AND EARTHWORKS,E-02b,  of which excavation in rock (Deccan basalt),m3,993.84,—,,,INCLUDED — not separately payable,Memorandum.  Priced at E-02.3 to E-02.6
A · SITE PREPARATION AND EARTHWORKS,E-03,"Excavation in rock for sump pit SU-01, below general formation",m3,9.477,21.20,1699.1,16102.37,PRICED [A] — stated assumption,"[A] Below (-)6.800, so beyond the SSR's last defined depth band.  Same lower bound and the same open item as E-02.6 — WM4-V1"
A · SITE PREPARATION AND EARTHWORKS,E-04,"Excavation for the covered entry stairwell, outside the box envelope, 0.000 to (-)2.000",m3,19.096,21.04,258,4926.77,PRICED [A] — stated assumption,[A] Priced wholly as soil at the 1.5-3.0 m lift.  The strata split is not derivable from the project record; SG1 puts a CH clay horizon here to 1.0 m.  If basalt is met below the mean rockhead the 21.20 rate applies to that part
A · SITE PREPARATION AND EARTHWORKS,E-05.1,"Excavation, sentry post footings F1, 4 No.: 0.000 to (-)1.500, soil",m3,26.46,21.02,207,5477.22,PRICED,Pits 2.100 sq (0.300 working space) x 2.100 deep — wm_quantities.py 1.6
A · SITE PREPARATION AND EARTHWORKS,E-05.2,"  (-)1.500 to (-)1.750, soil",m3,4.41,21.04,258,1137.78,PRICED,Lift 1.5 to 3.0 m
A · SITE PREPARATION AND EARTHWORKS,E-05.3,"  (-)1.750 to (-)2.100, Deccan basalt",m3,6.174,21.20,1307.0,8069.42,PRICED,F1 founds on in-situ basalt at (-)2.000.  Depth under 3.0 m: no increase.  E-05.1 + E-05.2 + E-05.3 = 37.044 m3 = WM1 item E-05 exactly
A · SITE PREPARATION AND EARTHWORKS,E-06,Filling in compacted granular fill under the sentry post ground floor,m3,7.452,21.37,599,4463.75,PRICED,"Contractor's material, 15-20 cm layers, watered and compacted"
A · SITE PREPARATION AND EARTHWORKS,E-07,"Side backfill in selected granular fill, 250 layers to 95 % MDD",m3,289.92,21.37,599,173662.08,PRICED,"SSR layers are 15-20 cm against the specified 250 — the specification is TIGHTER than the schedule, so the SSR rate is not understated on that count"
A · SITE PREPARATION AND EARTHWORKS,E-08,"Surplus excavated material — re-use on site as engineered fill / crushed rubble, remainder to spoil",m3,1113.937,—,,,INCLUDED — not separately payable,INCLUDED.  Every SSR excavation item already carries removal to 50 m beyond the building area and stacking as directed.  Lead beyond 50 m is payable under SSR Statement C-1 transportation charges and CANNOT be quantified — no site plan and no spoil destination exists (Drainage D3)
A · SITE PREPARATION AND EARTHWORKS,E-09,"Preconstructional antitermite treatment to the bottom surface and sides of the excavation, IS 6313 Part II",m2,,21.22,107,,NOT PRICED,NOT IN THE WM1 BILL and no quantity exists.  Listed because the owner's own RC1 bill carries a 320 m2 anti-termite line and the SSR has an item for it.  Rate shown for information; NOT in the total
B · MAIN UNDERGROUND SHELTER — CONCRETE,C-01,Mat 600 (M35),m3,81.8,25.17,7562,618571.6,PRICED,SSR 25.17 names raft foundations explicitly.  Formwork IS IN THE RATE
B · MAIN UNDERGROUND SHELTER — CONCRETE,C-02,"Pressure slab 900, net of openings (M35)",m3,112.0,25.76,14391,1611792.0,PRICED,"R.C.C. slabs and landings, M-35"
B · MAIN UNDERGROUND SHELTER — CONCRETE,C-03,Perimeter walls 600 (M35),m3,103.7,26.19 der.,16024.97,1661789.39,PRICED,"R.C.C. pardi (wall) of required thickness, grade-uplifted M25 -> M35 by the SSR's own cement-consumption rule"
B · MAIN UNDERGROUND SHELTER — CONCRETE,C-04,Walls W6 / W7 400 (M35),m3,12.8,26.19 der.,16024.97,205119.62,PRICED,As C-03
B · MAIN UNDERGROUND SHELTER — CONCRETE,C-05,Wall W5 200 (M35),m3,3.2,26.19 der.,16024.97,51279.9,PRICED,As C-03
B · MAIN UNDERGROUND SHELTER — CONCRETE,C-06.1,Headhouse walls 400 (M35),m3,18.8,26.19 der.,16024.97,301269.44,PRICED,"WM1 item C-06 is walls + roof at 32.7 m3.  Split pro rata from its own derivation: walls (4.800 x 5.800 - 4.000 x 5.000) x 2.400 = 18.816, roof 4.800 x 5.800 x 0.500 = 13.920, total 32.736.  No quantity is changed"
B · MAIN UNDERGROUND SHELTER — CONCRETE,C-06.2,Headhouse roof 500 (M35),m3,13.9,25.76,14391,200034.9,PRICED,Same split as C-06.1
B · MAIN UNDERGROUND SHELTER — CONCRETE,C-07,"Main staircase, waist and landings (M35)",m3,3.0,26.26 der.,12518.97,37556.91,PRICED,"R.C.C. waist slab and steps of staircases, grade-uplifted M25 -> M35.  THE STAIRCASE GEOMETRY IS FROZEN AND IS NOT TOUCHED — 24 risers, 170.8333 riser, 280 tread, 3 flights x 8, 4 100 total rise"
B · MAIN UNDERGROUND SHELTER — CONCRETE,C-08,"Entry stairwell: walls, roof, raft, flight, landings (M35)",m3,19.9,26.19 der.,16024.97,318896.9,PRICED [A] — stated assumption,"[A] A composite accepted whole from SC1 — no volume split by member exists.  Priced entirely at the WALL rate, which is the DEAREST of the M-35 family, so the line cannot be understated by the choice.  83.0 of the 110.9 m2 of its formwork is wall face, so walls do govern"
B · MAIN UNDERGROUND SHELTER — CONCRETE,C-09,"Blinding / PCC M15, 100 thk under the mat",m3,14.208,24.04,6359,90348.67,PRICED,M15 for foundation and bedding
B · MAIN UNDERGROUND SHELTER — CONCRETE,C-10,"Blinding / PCC M15, 100 thk, sump pit, footings F1 and stairwell raft",m3,3.045,24.04,6359,19363.16,PRICED,As C-09
B · MAIN UNDERGROUND SHELTER — CONCRETE,C-11,Sump pit SU-01 walls 300 and base 400 below the mat soffit (M35),m3,3.708,26.19 der.,16024.97,59420.59,PRICED [A] — stated assumption,[A] Walls and base measured together in WM1.  Priced at the wall rate throughout — the dearer of the two applicable rates
B · MAIN UNDERGROUND SHELTER — CONCRETE,C-12,"Escape shaft collars ESC 1 and ESC 2, 250 RC, OD 1900 (M35)",m3,6.285,26.19 der.,16024.97,100716.94,PRICED,Circular 250 walls.  The SSR has no curved-formwork item; 26.19 is 'of required thickness' and is the closest published item
B · MAIN UNDERGROUND SHELTER — CONCRETE,C-13,Local thickenings of the pressure slab 900 -> 1200 at openings (M35),m3,3.331,25.76,14391,47936.42,PRICED,Slab work
B · MAIN UNDERGROUND SHELTER — CONCRETE,C-14,"Internal partitions W8, 4 No., 110 thk, non-structural (M35)",m3,6.208,26.19 der.,16024.97,99483.01,PRICED [A] — stated assumption,"[A] W8 is non-structural with A252 mesh both faces; the project states NO GRADE and WM1 measured it as M35 with the rest of the box (tagged [A] there).  That tag is carried, not resolved"
C · REINFORCEMENT — ALL WORKS,R-T8,"Reinforcement T8 Fe500D, shelter and entry structures",t,0.006,26.33,89703,538.22,PRICED,"TMT Fe-500, cut, bent, hooked, tied and FIXED IN POSITION.  The SSR measures the fixed weight, which is the net weight scheduled here"
C · REINFORCEMENT — ALL WORKS,R-T10,"Reinforcement T10 Fe500D, shelter and entry structures",t,0.063,26.33,89703,5651.29,PRICED,"TMT Fe-500, cut, bent, hooked, tied and FIXED IN POSITION.  The SSR measures the fixed weight, which is the net weight scheduled here"
C · REINFORCEMENT — ALL WORKS,R-T12,"Reinforcement T12 Fe500D, shelter and entry structures",t,20.318,26.33,89703,1822585.55,PRICED,"TMT Fe-500, cut, bent, hooked, tied and FIXED IN POSITION.  The SSR measures the fixed weight, which is the net weight scheduled here"
C · REINFORCEMENT — ALL WORKS,R-T16,"Reinforcement T16 Fe500D, shelter and entry structures",t,23.707,26.33,89703,2126589.02,PRICED,"TMT Fe-500, cut, bent, hooked, tied and FIXED IN POSITION.  The SSR measures the fixed weight, which is the net weight scheduled here"
C · REINFORCEMENT — ALL WORKS,R-T20,"Reinforcement T20 Fe500D, shelter and entry structures",t,10.923,26.33,89703,979825.87,PRICED,"TMT Fe-500, cut, bent, hooked, tied and FIXED IN POSITION.  The SSR measures the fixed weight, which is the net weight scheduled here"
C · REINFORCEMENT — ALL WORKS,R-T25,"Reinforcement T25 Fe500D, shelter and entry structures",t,15.439,26.33,89703,1384924.62,PRICED,"TMT Fe-500, cut, bent, hooked, tied and FIXED IN POSITION.  The SSR measures the fixed weight, which is the net weight scheduled here"
C · REINFORCEMENT — ALL WORKS,R-BS,Reinforcement T12 Fe500 to the burster slab (M30),t,1.218,26.33,89703,109258.25,PRICED,"TMT Fe-500, cut, bent, hooked, tied and FIXED IN POSITION.  The SSR measures the fixed weight, which is the net weight scheduled here"
C · REINFORCEMENT — ALL WORKS,R-S8,"Reinforcement T8 Fe500, sentry post",t,0.645,26.33,89703,57858.44,PRICED,"TMT Fe-500, cut, bent, hooked, tied and FIXED IN POSITION.  The SSR measures the fixed weight, which is the net weight scheduled here"
C · REINFORCEMENT — ALL WORKS,R-S10,"Reinforcement T10 Fe500, sentry post",t,0.245,26.33,89703,21977.24,PRICED,"TMT Fe-500, cut, bent, hooked, tied and FIXED IN POSITION.  The SSR measures the fixed weight, which is the net weight scheduled here"
C · REINFORCEMENT — ALL WORKS,R-S12,"Reinforcement T12 Fe500, sentry post",t,0.19,26.33,89703,17043.57,PRICED,"TMT Fe-500, cut, bent, hooked, tied and FIXED IN POSITION.  The SSR measures the fixed weight, which is the net weight scheduled here"
C · REINFORCEMENT — ALL WORKS,R-S16,"Reinforcement T16 Fe500, sentry post",t,0.624,26.33,89703,55974.67,PRICED,"TMT Fe-500, cut, bent, hooked, tied and FIXED IN POSITION.  The SSR measures the fixed weight, which is the net weight scheduled here"
C · REINFORCEMENT — ALL WORKS,R-S20,"Reinforcement T20 Fe500, sentry post",t,0.269,26.33,89703,24130.11,PRICED,"TMT Fe-500, cut, bent, hooked, tied and FIXED IN POSITION.  The SSR measures the fixed weight, which is the net weight scheduled here"
C · REINFORCEMENT — ALL WORKS,R-ORD,"Reinforcement ORDER quantity, all works, incl. 5 % wastage",t,77.33,—,,,INCLUDED — not separately payable,"PROCUREMENT MEMORANDUM, NOT A PAYABLE ITEM.  SSR 26.33 is paid on the weight fixed in position — 73.647 t, the sum of the twelve lines above.  77.33 / 1.05 = 73.648, so the two figures agree exactly.  Wastage is inside the SSR rate and must not be paid a second time"
D · FORMWORK AND FALSEWORK,F-01,"Formwork, shelter and entry structures, contact area",m2,1057.743,—,,,INCLUDED — not separately payable,"INCLUDED IN EVERY CONCRETE RATE ABOVE.  SSR items 24.04, 25.15, 25.17, 25.35, 25.54, 25.74, 25.76, 26.19 and 26.26 each read 'including STEEL CENTERING, FORMWORK, cover blocks'.  Paying F-01 separately would pay for the same formwork twice.  The quantity stands as a measured control figure"
D · FORMWORK AND FALSEWORK,F-02,"Falsework to the pressure slab soffit, 3.200 m height, props to remain 14 days (IS 456 Table 11)",m2,104.0,—,,,INCLUDED — not separately payable,"INCLUDED, as F-01.  The 14-day prop period remains a PROGRAMME driver even though it is not a separately payable item"
"E · ENGINEERED COVER, OVERBURDEN AND CONCEALMENT",B-screed,Protection screed 100 over the membrane (cover layer 1),m3,10.289,24.04,6359,65427.75,PRICED,"M15 bedding concrete.  THIS IS THE SAME WORK AS ITEM W-05, which is measured in m2 — 102.889 x 0.100 = 10.289.  Paid here ONCE"
"E · ENGINEERED COVER, OVERBURDEN AND CONCEALMENT",B-fill,Compacted engineered fill @ 95 % MDD,m3,77.167,21.37,599,46223.03,PRICED,As E-07
"E · ENGINEERED COVER, OVERBURDEN AND CONCEALMENT",B-rubble,Crushed basalt rubble 25-75 mm,m3,51.445,21.38,1382,71096.99,PRICED,"Trap rubble stone soling, hand packed and compacted.  SEE THE CREDIT LINE BELOW — this material is to be won from the project's own rock excavation"
"E · ENGINEERED COVER, OVERBURDEN AND CONCEALMENT",B-rubble-cr,"  CREDIT if the rubble is won on site and crushed, as the quantity derivation directs",m3,51.445,21.38,,,INCLUDED — not separately payable,"MEMORANDUM, NOT DEDUCTED.  994 m3 of basalt comes out of E-02b against 51.4 m3 needed.  The SSR labour component of 21.38 is Rs 432 against the completed Rs 1 382, so winning it on site is worth about 51.445 x (1382 - 432) = Rs 48 873, and removes 51 m3 of import AND 51 m3 of cart-away.  Left in the bill at the full SSR rate because the crushing plant is not in the project record"
"E · ENGINEERED COVER, OVERBURDEN AND CONCEALMENT",B-burster,"RC burster slab M30, T12 @ 150 B/W, 200 thk",m3,20.578,25.15,7471,153738.24,PRICED,"Ground-supported: it is cast on the 500 crushed-rubble layer, and its own formwork measure is EDGE ONLY, 11.3 m2.  So the raft item 25.15 governs, not the suspended-slab item 25.74 (M-30, Rs 14 299)"
"E · ENGINEERED COVER, OVERBURDEN AND CONCEALMENT",B-filter,"Granular filter, 150 thk",m3,15.433,21.39,2160,33335.28,PRICED [A] — stated assumption,[A] SSR 21.39 sand filling is the nearest published item and carries the condition 'to be executed with prior approval of the Superintending Engineer'.  The project specifies no filter grading — no gradation is invented here
"E · ENGINEERED COVER, OVERBURDEN AND CONCEALMENT",B-concealment,"Topsoil / turf — concealment and erosion, 300 thk",m3,30.867,21.36,120,3704.04,PRICED,"Filling with APPROVED EXCAVATED MATERIAL, watered and compacted — exactly the 92.82 m3 stripped and stockpiled at E-01a, of which 30.867 is used.  TURFING ITSELF IS NOT IN THE SSR: the schedule directs Parks and Gardens wing rates for that, which this project does not hold"
"E · ENGINEERED COVER, OVERBURDEN AND CONCEALMENT",B-berm,"Berm forming and grading, 1.5:1 to +0.900 against the headhouse and covered stairwell",m3,,21.36,,,NOT PRICED,"NOT PRICED.  NO QUANTITY EXISTS — no site plan and no ground model is in the project (Drainage open item D3).  A rate is available (SSR 21.36, Rs 120/m3) the moment a quantity does"
"E · ENGINEERED COVER, OVERBURDEN AND CONCEALMENT",B-camo,Camouflage and concealment measures beyond the 300 topsoil / turf layer,item,,—,,,NOT PRICED,NOT PRICED and NOT IN THE SSR.  No concealment specification exists in the project.  SSR General Notes Section B: rates not in the schedule are to be approved by the Superintending Engineer
F · WATERPROOFING,W-01,"WP-01 tanking, horizontal on blinding under the mat",m2,142.08,51.114,678,96330.24,PRICED [A] — stated assumption,"[A] SPECIFICATION SUBSTITUTION.  WP-01 is a continuous external tanking MEMBRANE (FINISH_LEGEND).  SSR 51.114 is a five-layer polymeric membrane on a 90 micron HMHDPE core — the material matches; the SSR describes it applied to roof and parapet, not below grade.  The SSR's own below-grade item, 31.12, is a rough shahabad BOX treatment at Rs 1 286 — a different specification, carried in the workbook as the alternative"
F · WATERPROOFING,W-02,"WP-01 tanking, vertical to external wall faces, (-)6.700 to (-)2.000",m2,265.08,51.114,678,179724.24,PRICED [A] — stated assumption,"[A] As W-01.  SSR alternative for vertical basement faces is 31.13, Rs 1 338"
F · WATERPROOFING,W-03,"WP-01 tanking, roof membrane, net of the void and shafts",m2,121.881,51.114,678,82635.32,PRICED [A] — stated assumption,[A] As W-01
F · WATERPROOFING,W-04,"WP-01 upstands, fillets and dressing to openings and penetrations",m2,37.145,51.114,678,25184.31,PRICED [A] — stated assumption,[A] As W-01
F · WATERPROOFING,W-05,WP-02 protection screed 100 over the roof membrane (also cover layer 1),m2,102.889,—,,,INCLUDED — not separately payable,"THE SAME WORK AS B-screed, measured in m2 instead of m3.  Paid once, at B-screed.  102.889 x 0.100 = 10.289 m3"
F · WATERPROOFING,W-06,"WP-06 headhouse and stairwell roofs, external grade + protection",m2,41.44,51.114 + 51.115,1068.0,44257.92,PRICED [A] — stated assumption,[A] Membrane plus the SSR's own 20 mm mechanical protective layer
F · WATERPROOFING,W-08,"WP-04 internal wet-area tanking, floors",m2,26.8,31.09,615,16482.0,PRICED [A] — stated assumption,[A] Acrylic polymer modified cement-based coating with fibre glass mesh — the SSR's tanking-under-finish item.  WP-04 names no product
F · WATERPROOFING,W-09,"WP-04 internal wet-area tanking, walls, 2.000 high",m2,81.44,31.09,615,50085.6,PRICED [A] — stated assumption,[A] As W-08
F · WATERPROOFING,W-10,"Waterstops, 2 No. at every construction joint (WP-05), ~6 m centres",m,109.76,—,,,NOT PRICED,"NOT PRICED.  THE SSR HAS NO WATERSTOP ITEM ANYWHERE IN 624 PAGES — searched for waterstop, water stop, water bar and PVC water bar.  Section B: the rate is to be approved by the Superintending Engineer.  The joint positions are also not fixed in the project ([A] in WM1)"
G · SENTRY POST — CONCRETE AND FRAME  (M30),SC-01,"Sentry post: Footings F1, 4 No., 1500 x 1500 x 600",m3,5.4,25.15,7471,40343.4,PRICED,M-30 foundations and footings
G · SENTRY POST — CONCRETE AND FRAME  (M30),SC-02,"Sentry post: Columns C1, 4 No., 350 x 350, (-)1.400 to +6.700",m3,3.969,25.35,14150,56161.35,PRICED,M-30 columns.  No floor lift applied — a column is cast in one pour from its base
G · SENTRY POST — CONCRETE AND FRAME  (M30),SC-03,"Sentry post: Plinth beam PB 250 x 400, 15.200 m clear",m3,1.52,25.54,12635,19205.2,PRICED,"M-30 beams, ground level"
G · SENTRY POST — CONCRETE AND FRAME  (M30),SC-04.1,"Sentry post: Beams B1 / B2 250 x 450, first-floor level",m3,1.14,25.54,12761.35,14547.94,PRICED,Half of WM1 item SC-04 (2.28 m3 at two levels).  +1 % first-floor lift
G · SENTRY POST — CONCRETE AND FRAME  (M30),SC-04.2,"Sentry post: Beams B1 / B2 250 x 450, roof level",m3,1.14,25.54,12761.35,14547.94,PRICED,The other half.  +1 % floor lift
G · SENTRY POST — CONCRETE AND FRAME  (M30),SC-05,"Sentry post: Slab S1 150, first floor, 4.000 x 5.000",m3,3.0,25.74,14441.99,43325.97,PRICED,"M-30 slabs, +1 % first-floor lift"
G · SENTRY POST — CONCRETE AND FRAME  (M30),SC-06,"Sentry post: Slab S1 150, roof, 4.600 x 5.600 incl. the 300 projection",m3,3.864,25.74,14441.99,55803.85,PRICED,"M-30 slabs, +1 % floor lift.  The SSR table runs ground / first / second / third / fourth; the roof of a G+1 is read as the first-floor band"
G · SENTRY POST — CONCRETE AND FRAME  (M30),SC-07,Sentry post: Parapet 300 high x 150 thk over the roof projection,m3,0.918,26.19 der.,16092.65,14773.05,PRICED [A] — stated assumption,"[A] Pardi grade-uplifted M25 -> M30, +1 % floor lift.  The 150 thickness is [A] in WM1 and that tag is carried, not resolved"
G · SENTRY POST — CONCRETE AND FRAME  (M30),SC-08,"Sentry post ground floor slab on grade — PROVISIONAL, not designed",m2,16.56,—,,,NOT PRICED,NOT PRICED.  Thickness and specification are to be confirmed — WM1 tags this [N] and no rate can be chosen without them
G · SENTRY POST — CONCRETE AND FRAME  (M30),SC-09,"Sentry post: blinding / PCC M15 100 thk under F1, 4 No.",m3,1.156,24.04,6359,7351.0,PRICED,As C-09
G · SENTRY POST — CONCRETE AND FRAME  (M30),SC-10,"Sentry post: external spiral stair, 1000 R, 250 dia central pole",item,1,—,,,NOT PRICED,"NOT PRICED.  THE SSR HAS NO SPIRAL STAIR ITEM, and the fabrication detail is not in the project record.  SSR 40.06, SS 304 handrail at Rs 1 220/m, is the only related published item and cannot stand for the stair.  Section B: Superintending Engineer to approve the rate"
H · SENTRY POST — BRICK MASONRY AND FINISHES  (design change SP-B1),SP-01,"Brick masonry, ground storey, 190 thk in a 200 zone, CM 1:6, incl. scaffolding",m3,6.876,27.05,7994,54966.74,PRICED [A] — stated assumption,"[A] Mortar CM 1:6 and location (superstructure) match SSR 27.05 exactly.  SP-B1 specifies modular bricks CLASS 10 to IS 1077.  THE SSR PUBLISHES NO FIRST-CLASS ITEM FOR SUPERSTRUCTURE WALLS AT ALL — chapter 27 offers first class only in plinth (27.02) and in pillars (27.08, 27.09) — so 27.05 is the only published superstructure brick wall item and it governs whatever class the bricks are.  The SSR's first / second class is a workmanship grading and does not map onto IS 1077 strength classes.  OPEN ITEM WM4-V2"
H · SENTRY POST — BRICK MASONRY AND FINISHES  (design change SP-B1),SP-02,"Brick masonry, first storey, 190 thk in a 200 zone, CM 1:6, incl. scaffolding",m3,5.32,27.05,8073.94,42953.36,PRICED [A] — stated assumption,"[A] As SP-01, +1 % first-floor lift"
H · SENTRY POST — BRICK MASONRY AND FINISHES  (design change SP-B1),SP-03,"Modular burnt clay bricks class 10 to IS 1077, delivered",No.,6402.952,—,,,INCLUDED — not separately payable,"INCLUDED in SP-01 / SP-02 — SSR 27.05 is a composite supply-and-lay rate.  SSR general material rate for II class brick is Rs 8.50 each, so this quantity carries about Rs 54 425 of material INSIDE the masonry rate"
H · SENTRY POST — BRICK MASONRY AND FINISHES  (design change SP-B1),SP-04,Cement for masonry mortar CM 1:6,bag,14.458,—,,,INCLUDED — not separately payable,INCLUDED in SP-01 / SP-02.  SSR general rate Rs 6 000 / M.T. = Rs 300 / bag
H · SENTRY POST — BRICK MASONRY AND FINISHES  (design change SP-B1),SP-05,"Sand for masonry mortar, to IS 2116",m3,3.012,—,,,INCLUDED — not separately payable,"INCLUDED in SP-01 / SP-02.  SSR general rate, crushed sand, Rs 1 200 / m3"
H · SENTRY POST — BRICK MASONRY AND FINISHES  (design change SP-B1),SP-06,"RC lintels over openings, 200 x 150 — PROVISIONAL section",m3,0.51,25.54,12635,6443.85,PRICED [A] — stated assumption,"[A] M-30 beams and lintels.  THE SECTION IS SUPERSEDED: design revision SP-B2 (master A.4.8 / H.12) designs lintel L1 at 190 x 150, and WM_RECONCILIATION_REGISTER section 6 records that this bill line still measures the superseded 200 x 150.  WM4 does NOT re-measure it — the quantity is WM1's and stays WM1's.  OPEN ITEM WM4-V3"
H · SENTRY POST — BRICK MASONRY AND FINISHES  (design change SP-B1),SP-07,"Internal cement plaster 12 mm, CM 1:4",m2,125.15,32.04,278,34791.7,PRICED,"Thickness, mortar and location all match the SSR item exactly.  WM1's description says 'sand faced'; sand facing is an EXTERNAL finish in the SSR (32.11) and 12 mm internal CM 1:4 is 32.04.  Priced as internal"
H · SENTRY POST — BRICK MASONRY AND FINISHES  (design change SP-B1),SP-08,"External cement plaster 15 mm, two coat",m2,97.39,32.11,639,62232.21,PRICED,SSR 32.11 sand faced external: 15 mm base coat in CM 1:4 plus a finishing coat — the specified two-coat 15 mm work exactly
H · SENTRY POST — BRICK MASONRY AND FINISHES  (design change SP-B1),SP-09,"Flooring, ground and first floor, 3.600 x 4.600 each",m2,33.12,33.24,,,NOT PRICED,"NOT PRICED.  NO FLOORING SPECIFICATION EXISTS IN THE PROJECT (WM1 tags it [N]).  For information only, and NOT in the total: SSR 33.24 matt ceramic 300 x 300 is Rs 1 182 / m2, which would be Rs 39 147"
H · SENTRY POST — BRICK MASONRY AND FINISHES  (design change SP-B1),SP-10.1,"Painting, INTERNAL — plastic emulsion, two coats",m2,125.15,36.12,80,10012.0,PRICED [A] — stated assumption,"[A] WM1 item SP-10 is one 222.54 m2 line for internal and external together.  It splits EXACTLY on the two plaster areas — 125.15 + 97.39 = 222.54 — so the split is arithmetic, not judgement.  The paint SYSTEM is assumed: WM1 records the specification as not in the project"
H · SENTRY POST — BRICK MASONRY AND FINISHES  (design change SP-B1),SP-10.2,"Painting, EXTERNAL — exterior acrylic emulsion, two coats",m2,97.39,35.25,261,25418.79,PRICED [A] — stated assumption,[A] As SP-10.1
H · SENTRY POST — BRICK MASONRY AND FINISHES  (design change SP-B1),SP-11,"Door D1 900 x 2100, 2 No. (ground and first floor)",m2,3.78,39.10,2913,11011.14,PRICED [A] — stated assumption,[A] SHUTTER ONLY — the SSR bills the frame as a separate item and no frame specification exists.  The door TYPE is not in the project either; a 32 mm commercial flush shutter is assumed.  Height 2100 is [A] in WM1
H · SENTRY POST — BRICK MASONRY AND FINISHES  (design change SP-B1),SP-12,"Window W1 1200 wide, ground storey, 1 No.",No.,1,39.50,,,NOT PRICED,"NOT PRICED.  THE HEIGHT IS NOT STATED ANYWHERE IN THE PROJECT ([N] in WM1), so there is no area to price.  SSR 39.50 aluminium openable window is Rs 5 700 / m2 when a height exists"
H · SENTRY POST — BRICK MASONRY AND FINISHES  (design change SP-B1),SP-13,"Armoured vision panels 1200 wide, 8 No., first storey — SPECIALIST",No.,8,—,,,NOT PRICED,NOT PRICED and NOT IN THE SSR.  An armoured vision panel is not a schedule item.  Specification is not in the project either
I · ELECTRICAL AND EMP INSTALLATION,EL-01,"Conduits, boxes and concealed work, cast into RC — builder's work",item,,—,,,NOT PRICED,"NOT PRICED.  NO ELECTRICAL DESIGN PACKAGE EXISTS — no quantity, and for EL-03 and EL-07 no SSR item either.  The SSR's water-supply and sanitary chapters 41-43 hold no EMP or shielding item of any kind"
I · ELECTRICAL AND EMP INSTALLATION,EL-02,"Cabling, distribution board and final circuits",item,,—,,,NOT PRICED,"NOT PRICED.  NO ELECTRICAL DESIGN PACKAGE EXISTS — no quantity, and for EL-03 and EL-07 no SSR item either.  The SSR's water-supply and sanitary chapters 41-43 hold no EMP or shielding item of any kind"
I · ELECTRICAL AND EMP INSTALLATION,EL-03,"EMP Zone 2 shielded enclosure, bay 3 — SPECIALIST",item,,—,,,NOT PRICED,"NOT PRICED.  NO ELECTRICAL DESIGN PACKAGE EXISTS — no quantity, and for EL-03 and EL-07 no SSR item either.  The SSR's water-supply and sanitary chapters 41-43 hold no EMP or shielding item of any kind"
I · ELECTRICAL AND EMP INSTALLATION,EL-04,"Earthing installation, 5 ohm target, IS 3043",item,,—,,,NOT PRICED,"NOT PRICED.  NO ELECTRICAL DESIGN PACKAGE EXISTS — no quantity, and for EL-03 and EL-07 no SSR item either.  The SSR's water-supply and sanitary chapters 41-43 hold no EMP or shielding item of any kind"
I · ELECTRICAL AND EMP INSTALLATION,EL-05,"Lighting, small power and emergency lighting",item,,—,,,NOT PRICED,"NOT PRICED.  NO ELECTRICAL DESIGN PACKAGE EXISTS — no quantity, and for EL-03 and EL-07 no SSR item either.  The SSR's water-supply and sanitary chapters 41-43 hold no EMP or shielding item of any kind"
I · ELECTRICAL AND EMP INSTALLATION,EL-06,"Generator connection, changeover and protection",item,,—,,,NOT PRICED,"NOT PRICED.  NO ELECTRICAL DESIGN PACKAGE EXISTS — no quantity, and for EL-03 and EL-07 no SSR item either.  The SSR's water-supply and sanitary chapters 41-43 hold no EMP or shielding item of any kind"
I · ELECTRICAL AND EMP INSTALLATION,EL-07,"EMP protection to every service penetration (power PCI, waveguide-below-cutoff, fibre)",item,,—,,,NOT PRICED,"NOT PRICED.  NO ELECTRICAL DESIGN PACKAGE EXISTS — no quantity, and for EL-03 and EL-07 no SSR item either.  The SSR's water-supply and sanitary chapters 41-43 hold no EMP or shielding item of any kind"
J · PRINCIPAL MATERIALS — PROCUREMENT VOLUMES,M-01,"Cement, OPC 43 grade to IS 269, all works",t,194.169,—,,,INCLUDED — not separately payable,"PROCUREMENT MEMORANDUM, NOT A PAYABLE ITEM — cement is inside every composite rate above.  At the SSR general rate of Rs 6 000 / M.T. this volume carries Rs 1 165 014 of cement INSIDE those rates"
J · PRINCIPAL MATERIALS — PROCUREMENT VOLUMES,M-02,"Coarse and fine aggregate to IS 383, all concrete",t,828.661,—,,,INCLUDED — not separately payable,"PROCUREMENT MEMORANDUM.  Inside the composite rates.  SSR general rates: 20 mm aggregate Rs 1 050 / m3, crushed sand Rs 1 200 / m3"
J · PRINCIPAL MATERIALS — PROCUREMENT VOLUMES,M-03,"Water for concrete, mortar and curing — site supply",item,,—,,,INCLUDED — not separately payable,PROCUREMENT MEMORANDUM.  Curing and watering are inside every SSR item.  SSR general rate for water is Rs 213 / 1 000 litre
K · ITEMS ADDED BY OWNER RULING RC4 (master H.28),RC4-01,"Strip expansive CH horizon to 1.000 m below existing ground under and 1.000 m beyond the entry stairwell stepped raft, cart away and dispose",m3,8.0,21.02,207,1656.0,PRICED,RC4 recorded this as '[A] NOT PRICED' because no rate existed.  A RATE NOW EXISTS.  The QUANTITY tag stays [R] and the ruling is untouched — only the rate column is filled
K · ITEMS ADDED BY OWNER RULING RC4 (master H.28),RC4-02,"Supply and place free-draining granular replacement fill, FSI <= 20 % to IS 2720 Pt XL, in 200 mm layers compacted to >= 95 % MDD, incl. 50 mm sand blinding",m3,8.0,21.37,599,4792.0,PRICED,"As RC4-01.  SSR 21.37 is filling with contractor's material in 15-20 cm layers, watered and compacted — the specified work, at a TIGHTER layer thickness than the schedule assumes"
"L · PROTECTIVE PLANT, CLOSURES AND SERVICES — OUTSIDE THE SSR",Z-01,"Blast Doors 1 and 2, >= 7 bar, rebound-rated",set,2,—,,,NOT PRICED,"NOT IN THE WM1 BILL AND NOT IN THE SSR.  Recorded here so the estimate is honest about its boundary: the owner's own bill (Cost/USER_BOQ_*, Cost/REVISED_BOQ_*_RC1) prices these from vendor figures.  SSR General Notes Section B: 'The items for which rates are not included in State Schedule of Rates, the rates shall be approved by concerned Superintending Engineer, PWD'"
"L · PROTECTIVE PLANT, CLOSURES AND SERVICES — OUTSIDE THE SSR",Z-02,"Emergency exit hatches, 900 clear, 621 kPa",set,2,—,,,NOT PRICED,"NOT IN THE WM1 BILL AND NOT IN THE SSR.  Recorded here so the estimate is honest about its boundary: the owner's own bill (Cost/USER_BOQ_*, Cost/REVISED_BOQ_*_RC1) prices these from vendor figures.  SSR General Notes Section B: 'The items for which rates are not included in State Schedule of Rates, the rates shall be approved by concerned Superintending Engineer, PWD'"
"L · PROTECTIVE PLANT, CLOSURES AND SERVICES — OUTSIDE THE SSR",Z-03,Fast-acting blast valves BV-1 to BV-3 (DN100),set,3,—,,,NOT PRICED,"NOT IN THE WM1 BILL AND NOT IN THE SSR.  Recorded here so the estimate is honest about its boundary: the owner's own bill (Cost/USER_BOQ_*, Cost/REVISED_BOQ_*_RC1) prices these from vendor figures.  SSR General Notes Section B: 'The items for which rates are not included in State Schedule of Rates, the rates shall be approved by concerned Superintending Engineer, PWD'"
"L · PROTECTIVE PLANT, CLOSURES AND SERVICES — OUTSIDE THE SSR",Z-04,Generator blast valves BV-4 and BV-5 (DN350),set,2,—,,,NOT PRICED,"NOT IN THE WM1 BILL AND NOT IN THE SSR.  Recorded here so the estimate is honest about its boundary: the owner's own bill (Cost/USER_BOQ_*, Cost/REVISED_BOQ_*_RC1) prices these from vendor figures.  SSR General Notes Section B: 'The items for which rates are not included in State Schedule of Rates, the rates shall be approved by concerned Superintending Engineer, PWD'"
"L · PROTECTIVE PLANT, CLOSURES AND SERVICES — OUTSIDE THE SSR",Z-05,"NBC collective protection trains, 2 x 300 m3/h",set,2,—,,,NOT PRICED,"NOT IN THE WM1 BILL AND NOT IN THE SSR.  Recorded here so the estimate is honest about its boundary: the owner's own bill (Cost/USER_BOQ_*, Cost/REVISED_BOQ_*_RC1) prices these from vendor figures.  SSR General Notes Section B: 'The items for which rates are not included in State Schedule of Rates, the rates shall be approved by concerned Superintending Engineer, PWD'"
"L · PROTECTIVE PLANT, CLOSURES AND SERVICES — OUTSIDE THE SSR",Z-06,"Sealed Zone-2 welded EMP enclosure, 3 x 3 x 2.4 m",item,1,—,,,NOT PRICED,"NOT IN THE WM1 BILL AND NOT IN THE SSR.  Recorded here so the estimate is honest about its boundary: the owner's own bill (Cost/USER_BOQ_*, Cost/REVISED_BOQ_*_RC1) prices these from vendor figures.  SSR General Notes Section B: 'The items for which rates are not included in State Schedule of Rates, the rates shall be approved by concerned Superintending Engineer, PWD'"
"L · PROTECTIVE PLANT, CLOSURES AND SERVICES — OUTSIDE THE SSR",Z-07,"Submersible sump pumps, effluent piping and septic",set,1,—,,,NOT PRICED,"NOT IN THE WM1 BILL AND NOT IN THE SSR.  Recorded here so the estimate is honest about its boundary: the owner's own bill (Cost/USER_BOQ_*, Cost/REVISED_BOQ_*_RC1) prices these from vendor figures.  SSR General Notes Section B: 'The items for which rates are not included in State Schedule of Rates, the rates shall be approved by concerned Superintending Engineer, PWD'"
"L · PROTECTIVE PLANT, CLOSURES AND SERVICES — OUTSIDE THE SSR",Z-08,"Standby generator 15 kVA in bay 8, fuel system, exhaust and acoustic treatment",set,1,—,,,NOT PRICED,"NOT IN THE WM1 BILL AND NOT IN THE SSR.  Recorded here so the estimate is honest about its boundary: the owner's own bill (Cost/USER_BOQ_*, Cost/REVISED_BOQ_*_RC1) prices these from vendor figures.  SSR General Notes Section B: 'The items for which rates are not included in State Schedule of Rates, the rates shall be approved by concerned Superintending Engineer, PWD'"
"L · PROTECTIVE PLANT, CLOSURES AND SERVICES — OUTSIDE THE SSR",Z-09,"Testing, commissioning and envelope leakage test",item,1,—,,,NOT PRICED,"NOT IN THE WM1 BILL AND NOT IN THE SSR.  Recorded here so the estimate is honest about its boundary: the owner's own bill (Cost/USER_BOQ_*, Cost/REVISED_BOQ_*_RC1) prices these from vendor figures.  SSR General Notes Section B: 'The items for which rates are not included in State Schedule of Rates, the rates shall be approved by concerned Superintending Engineer, PWD'"
