TAG,TYPE,ROOM,m³/h DAY,m³/h NIGHT,SIZE,CLASS,NOTES
SD-01,SUPPLY DIFFUSER,U-01,30,30,150 x 150,[A],1 No.
SD-02,SUPPLY DIFFUSER,U-02,30,30,150 x 150,[A],1 No.
SD-03,SUPPLY DIFFUSER,U-03,135,45,225 x 225,[A],"2 No. at 67.5 / 22.5 m3/h each, spread over the 3500 bay"
SD-04,SUPPLY DIFFUSER,U-04,45,135,225 x 225,[A],"2 No. at 22.5 / 67.5 m3/h each, one over each bunk stack"
SD-05,SUPPLY GRILLE,U-05,60,60,200 x 150,[A],"1 No. Plant room - grille rather than diffuser, throw is irrelevant"
EG-01,EXTRACT GRILLE,U-02,45,45,200 x 150,[A],1 No. at low level - the lavatory extract
TG-01,TRANSFER GRILLE,U-05 / U-06 in W5,300,300,300 x 200,[A],"Cascade path, clean zone -> airlock. GAS-TIGHT SHUT-OFF DAMPER INTEGRAL"
TG-02,TRANSFER GRILLE,airlock stage 3 -> 2,300,300,300 x 200,[A],Cascade +35 -> +20 Pa
TG-03,TRANSFER GRILLE,airlock stage 2 -> 1,300,300,300 x 200,[A],Cascade +20 -> +10 Pa
